Ranking,Driver,Nationality,Participations,Wins,Win percentage %,Start,End
1,Lewis Hamilton,Royaume-Uni,351,105,29.91,2007,2024
2,Michael Schumacher,Allemagne,307,91,29.64,1991,2012
3,Max Verstappen,Pays-Bas,204,61,29.9,2015,2024
4,Sebastian Vettel,Allemagne,299,53,17.73,2007,2022
5,Alain Prost,France,199,51,25.63,1980,1993
6,Ayrton Senna,Brésil,161,41,25.47,1984,1994
7,Fernando Alonso,Espagne,396,32,8.08,2001,2024
8,Nigel Mansell,Royaume-Uni,187,31,16.58,1980,1995
9,Jackie Stewart,Royaume-Uni,99,27,27.27,1965,1973
10,Jim Clark,Royaume-Uni,72,25,34.72,1960,1968
11,Niki Lauda,Autriche,171,25,14.62,1971,1985
12,Juan Manuel Fangio,Argentine,51,24,47.06,1950,1958
13,Nico Rosberg,Allemagne,202,23,11.39,2006,2016
14,Nelson Piquet,Brésil,204,23,11.27,1978,1991
15,Damon Hill,Royaume-Uni,115,22,19.13,1992,1999
16,Kimi Räikkönen,Finlande,350,21,6.0,2001,2021
17,Mika Häkkinen,Finlande,161,20,12.42,1991,2001
18,Stirling Moss,Royaume-Uni,66,16,24.24,1951,1961
19,Jenson Button,Royaume-Uni,306,15,4.9,2000,2017
20,Jack Brabham,Australie,123,14,11.38,1955,1970
21,Emerson Fittipaldi,Brésil,144,14,9.72,1970,1980
22,Graham Hill,Royaume-Uni,175,14,8.0,1958,1975
23,Alberto Ascari,Italie,32,13,40.63,1950,1955
24,David Coulthard,Royaume-Uni,246,13,5.28,1994,2008
25,Alan Jones,Australie,116,12,10.34,1975,1986
26,Mario Andretti,États-Unis,128,12,9.38,1968,1982
27,Carlos Reutemann,Argentine,146,12,8.22,1972,1982
28,Jacques Villeneuve,Canada,163,11,6.75,1996,2006
29,Felipe Massa,Brésil,269,11,4.09,2002,2017
30,Rubens Barrichello,Brésil,323,11,3.41,1993,2011
31,James Hunt,Royaume-Uni,92,10,10.87,1973,1979
32,Jody Scheckter,Afrique du Sud,112,10,8.93,1972,1980
33,Ronnie Peterson,Suède,123,10,8.13,1970,1978
34,Gerhard Berger,Autriche,210,10,4.76,1984,1997
35,Valtteri Bottas,Finlande,241,10,4.15,2013,2024
36,Mark Webber,Australie,215,9,4.19,2002,2013
37,Denny Hulme,Nouvelle-Zélande,112,8,7.14,1965,1974
38,Jacky Ickx,Belgique,114,8,7.02,1966,1979
39,Charles Leclerc,Monaco,142,8,5.63,2018,-...
40,Daniel Ricciardo,Australie,257,8,3.11,2011,2024
41,Juan Pablo Montoya,Colombie,94,7,7.45,2001,2006
42,René Arnoux,France,149,7,4.7,1978,1989
43,Tony Brooks,Royaume-Uni,38,6,15.79,1956,1961
44,Jochen Rindt,Autriche,60,6,10.0,1964,1970
45,Gilles Villeneuve,Canada,67,6,8.96,1977,1982
46,John Surtees,Royaume-Uni,111,6,5.41,1960,1972
47,Jacques Laffite,France,176,6,3.41,1974,1986
48,Ralf Schumacher,Allemagne,180,6,3.33,1997,2007
49,Riccardo Patrese,Italie,256,6,2.34,1977,1993
50,Sergio Pérez,Mexique,276,6,2.17,2011,2024
51,Giuseppe Farina,Italie,33,5,15.15,1950,1955
52,Keke Rosberg,Finlande,114,5,4.39,1978,1986
53,Clay Regazzoni,Suisse,132,5,3.79,1970,1980
54,John Watson,Royaume-Uni,152,5,3.29,1973,1985
55,Michele Alboreto,Italie,194,5,2.58,1981,1994
56,Dan Gurney,États-Unis,86,4,4.65,1959,1970
57,Bruce McLaren,Nouvelle-Zélande,98,4,4.08,1959,1970
58,Eddie Irvine,Royaume-Uni,146,4,2.74,1993,2002
59,Peter Collins,Royaume-Uni,32,3,9.38,1952,1958
60,Mike Hawthorn,Royaume-Uni,45,3,6.67,1952,1958
61,Phil Hill,États-Unis,47,3,6.38,1958,1964
62,Didier Pironi,France,70,3,4.29,1978,1982
63,Lando Norris,Royaume-Uni,123,3,2.44,2019,2024
64,Heinz-Harald Frentzen,Allemagne,156,3,1.92,1994,2003
65,Johnny Herbert,Royaume-Uni,161,3,1.86,1989,2000
66,Thierry Boutsen,Belgique,163,3,1.84,1983,1993
67,Carlos Sainz Jr.,Espagne,201,3,1.49,2015,2024
68,Giancarlo Fisichella,Italie,229,3,1.31,1996,2009
69,Bill Vukovich,États-Unis,5,2,40.0,1951,1955
70,José Froilán González,Argentine,26,2,7.69,1950,1960
71,Wolfgang von Trips,Allemagne,27,2,7.41,1957,1961
72,Peter Revson,États-Unis,30,2,6.67,1964,1974
73,Oscar Piastri,Australie,41,2,4.88,2023,2024
74,Jean-Pierre Jabouille,France,49,2,4.08,1975,1981
75,Pedro Rodríguez,Mexique,54,2,3.7,1963,1971
76,Maurice Trintignant,France,81,2,2.47,1950,1964
77,Patrick Depailler,France,95,2,2.11,1972,1980
78,Joseph Siffert,Suisse,96,2,2.08,1962,1971
79,Elio De Angelis,Italie,108,2,1.85,1979,1986
80,Patrick Tambay,France,114,2,1.75,1977,1986
81,George Russell,Royaume-Uni,123,2,1.63,2019,2024
82,Lee Wallard,États-Unis,2,1,50.0,1950,1951
83,Bob Sweikert,États-Unis,5,1,20.0,1952,1956
84,Pat Flaherty,États-Unis,5,1,20.0,1950,1959
85,Luigi Fagioli,Italie,7,1,14.29,1950,1951
86,Troy Ruttman,États-Unis,8,1,12.5,1950,1960
87,Sam Hanks,États-Unis,8,1,12.5,1950,1957
88,Johnnie Parsons,États-Unis,9,1,11.11,1950,1958
89,Jimmy Bryan,États-Unis,9,1,11.11,1952,1960
90,Ludovico Scarfiotti,Italie,10,1,10.0,1963,1968
91,Jim Rathmann,États-Unis,10,1,10.0,1950,1960
92,Rodger Ward,États-Unis,12,1,8.33,1951,1963
93,Piero Taruffi,Italie,18,1,5.56,1950,1956
94,Giancarlo Baghetti,Italie,21,1,4.76,1961,1967
95,Luigi Musso,Italie,24,1,4.17,1953,1958
96,Peter Gethin,Royaume-Uni,30,1,3.33,1970,1974
97,Gunnar Nilsson,Suède,31,1,3.23,1976,1977
98,Lorenzo Bandini,Italie,42,1,2.38,1961,1967
99,François Cevert,France,46,1,2.17,1970,1973
100,Innes Ireland,Royaume-Uni,50,1,2.0,1959,1966
101,Richie Ginther,États-Unis,52,1,1.92,1960,1966
102,Carlos Pace,Brésil,72,1,1.39,1972,1977
103,Vittorio Brambilla,Italie,74,1,1.35,1974,1980
104,Alessandro Nannini,Italie,76,1,1.32,1986,1990
105,Jean-Pierre Beltoise,France,85,1,1.18,1967,1974
106,Pastor Maldonado,Venezuela,95,1,1.05,2011,2015
107,Robert Kubica,Pologne,99,1,1.01,2006,2021
108,Joakim Bonnier,Suède,104,1,0.96,1956,1971
109,Jochen Mass,Allemagne,105,1,0.95,1973,1982
110,Heikki Kovalainen,Finlande,111,1,0.9,2007,2012
111,Pierre Gasly,France,148,1,0.68,2017,2024
112,Esteban Ocon,France,152,1,0.66,2016,2024
113,Olivier Panis,France,160,1,0.63,1994,2004
114,Jean Alesi,France,201,1,0.5,1989,2001
115,Jarno Trulli,Italie,252,1,0.4,1997,2011
